{"cameraMode":{"drawMode":0,"name":"Shaded","section":"Shading Mode"},"sceneLighting":true,"audioPlay":false,"sceneViewState":{"showFog":true,"showMaterialUpdate":false,"showSkybox":true,"showFlares":true,"showImageEffects":true,"showParticleSystems":true},"in2DMode":false,"pivot":{"x":5.696764945983887,"y":1.0211665630340577,"z":-2.8196887969970705},"rotation":{"x":0.07683093100786209,"y":0.7177426815032959,"z":-0.08022353053092957,"w":0.6873912215232849},"size":9.12024974822998,"orthographic":false}